{"count": 147, "results": [{"id": 2, "teamid": 1, "name": "Hint for Sneaky", "description": null, "date": "2018-01-29T05:04:16.150245", "value": 0, "category": null, "icon": null}, {"id": 3, "teamid": 1, "name": "Hint for Slide into those DMs", "description": null, "date": "2018-01-29T05:21:53.984452", "value": 0, "category": null, "icon": null}, {"id": 4, "teamid": 1, "name": "Hint for Hello Sunshine", "description": null, "date": "2018-01-29T05:23:26.213619", "value": 0, "category": null, "icon": null}, {"id": 5, "teamid": 17, "name": "Hint for -b", "description": null, "date": "2018-02-17T22:14:09.106201", "value": -5, "category": null, "icon": null}, {"id": 6, "teamid": 30, "name": "Hint for -b", "description": null, "date": "2018-02-17T22:38:28.361242", "value": -5, "category": null, "icon": null}, {"id": 7, "teamid": 21, "name": "Hint for -b", "description": null, "date": "2018-02-17T23:26:43.353574", "value": -5, "category": null, "icon": null}, {"id": 8, "teamid": 27, "name": "Hint for Hello Sunshine", "description": null, "date": "2018-02-17T23:42:34.961623", "value": 0, "category": null, "icon": null}, {"id": 9, "teamid": 25, "name": "Hint for Life of Pi", "description": null, "date": "2018-02-17T23:42:50.661184", "value": -3, "category": null, "icon": null}, {"id": 10, "teamid": 7, "name": "Hint for Hello Sunshine", "description": null, "date": "2018-02-17T23:43:02.967974", "value": 0, "category": null, "icon": null}, {"id": 11, "teamid": 26, "name": "Hint for Life of Pi", "description": null, "date": "2018-02-17T23:43:18.835972", "value": -3, "category": null, "icon": null}, {"id": 12, "teamid": 27, "name": "Hint for A Sky Full of Stars", "description": null, "date": "2018-02-17T23:43:25.984838", "value": 0, "category": null, "icon": null}, {"id": 13, "teamid": 12, "name": "Hint for Welcome to Rome", "description": null, "date": "2018-02-17T23:43:41.599034", "value": -5, "category": null, "icon": null}, {"id": 14, "teamid": 7, "name": "Hint for Eyaxx", "description": null, "date": "2018-02-17T23:43:51.733114", "value": -5, "category": null, "icon": null}, {"id": 15, "teamid": 33, "name": "Hint for A Sky Full of Stars", "description": null, "date": "2018-02-17T23:43:55.479297", "value": 0, "category": null, "icon": null}, {"id": 16, "teamid": 7, "name": "Hint for Life of Pi", "description": null, "date": "2018-02-17T23:45:32.179896", "value": -3, "category": null, "icon": null}, {"id": 17, "teamid": 26, "name": "Hint for Welcome to Rome", "description": null, "date": "2018-02-17T23:46:04.217343", "value": -5, "category": null, "icon": null}, {"id": 18, "teamid": 26, "name": "Hint for Hello Sunshine", "description": null, "date": "2018-02-17T23:46:26.733046", "value": 0, "category": null, "icon": null}, {"id": 19, "teamid": 46, "name": "Hint for Hello Sunshine", "description": null, "date": "2018-02-17T23:47:09.878837", "value": 0, "category": null, "icon": null}, {"id": 20, "teamid": 24, "name": "Hint for Steam Locomotive", "description": null, "date": "2018-02-17T23:49:24.853869", "value": 0, "category": null, "icon": null}, {"id": 21, "teamid": 37, "name": "Hint for Steam Locomotive", "description": null, "date": "2018-02-17T23:49:29.208685", "value": 0, "category": null, "icon": null}, {"id": 22, "teamid": 35, "name": "Hint for Hello Sunshine", "description": null, "date": "2018-02-17T23:49:44.385245", "value": 0, "category": null, "icon": null}, {"id": 23, "teamid": 26, "name": "Hint for Pixels", "description": null, "date": "2018-02-17T23:50:21.179575", "value": -1, "category": null, "icon": null}, {"id": 24, "teamid": 37, "name": "Hint for Pixels", "description": null, "date": "2018-02-17T23:50:27.764182", "value": -1, "category": null, "icon": null}, {"id": 25, "teamid": 35, "name": "Hint for Pixels", "description": null, "date": "2018-02-17T23:50:39.335140", "value": -1, "category": null, "icon": null}, {"id": 26, "teamid": 43, "name": "Hint for -b", "description": null, "date": "2018-02-17T23:51:07.364401", "value": -5, "category": null, "icon": null}, {"id": 27, "teamid": 27, "name": "Hint for Pixels", "description": null, "date": "2018-02-17T23:51:15.474643", "value": -1, "category": null, "icon": null}, {"id": 28, "teamid": 7, "name": "Hint for Pixels", "description": null, "date": "2018-02-17T23:51:41.773297", "value": -1, "category": null, "icon": null}, {"id": 29, "teamid": 17, "name": "Hint for Steam Locomotive", "description": null, "date": "2018-02-17T23:51:43.303863", "value": 0, "category": null, "icon": null}, {"id": 30, "teamid": 33, "name": "Hint for Steam Locomotive", "description": null, "date": "2018-02-17T23:51:43.955546", "value": 0, "category": null, "icon": null}, {"id": 31, "teamid": 6, "name": "Hint for Steam Locomotive", "description": null, "date": "2018-02-17T23:51:59.418035", "value": 0, "category": null, "icon": null}, {"id": 32, "teamid": 14, "name": "Hint for Deadfish 1", "description": null, "date": "2018-02-17T23:52:21.401614", "value": -1, "category": null, "icon": null}, {"id": 33, "teamid": 46, "name": "Hint for A Sky Full of Stars", "description": null, "date": "2018-02-17T23:52:29.871889", "value": 0, "category": null, "icon": null}, {"id": 34, "teamid": 40, "name": "Hint for A Sky Full of Stars", "description": null, "date": "2018-02-17T23:53:10.548970", "value": 0, "category": null, "icon": null}, {"id": 35, "teamid": 27, "name": "Hint for Deadfish 2", "description": null, "date": "2018-02-17T23:53:16.954251", "value": -1, "category": null, "icon": null}, {"id": 36, "teamid": 27, "name": "Hint for Deadfish 1", "description": null, "date": "2018-02-17T23:53:23.832124", "value": -1, "category": null, "icon": null}, {"id": 37, "teamid": 7, "name": "Hint for HowHigh", "description": null, "date": "2018-02-17T23:54:22.533632", "value": -1, "category": null, "icon": null}, {"id": 38, "teamid": 29, "name": "Hint for HowHigh", "description": null, "date": "2018-02-17T23:55:07.227858", "value": -1, "category": null, "icon": null}, {"id": 39, "teamid": 35, "name": "Hint for HowHigh", "description": null, "date": "2018-02-17T23:55:58.347113", "value": -1, "category": null, "icon": null}, {"id": 40, "teamid": 35, "name": "Hint for Life of Pi", "description": null, "date": "2018-02-17T23:56:13.139238", "value": -3, "category": null, "icon": null}, {"id": 41, "teamid": 17, "name": "Hint for Welcome to Rome", "description": null, "date": "2018-02-17T23:56:42.609570", "value": -5, "category": null, "icon": null}, {"id": 42, "teamid": 12, "name": "Hint for Life of Pi", "description": null, "date": "2018-02-17T23:57:04.430078", "value": -3, "category": null, "icon": null}, {"id": 43, "teamid": 26, "name": "Hint for HowHigh", "description": null, "date": "2018-02-17T23:57:31.194648", "value": -1, "category": null, "icon": null}, {"id": 44, "teamid": 7, "name": "Hint for Deadfish 1", "description": null, "date": "2018-02-17T23:57:45.191162", "value": -1, "category": null, "icon": null}, {"id": 45, "teamid": 14, "name": "Hint for Steam Locomotive", "description": null, "date": "2018-02-17T23:59:52.767644", "value": 0, "category": null, "icon": null}, {"id": 46, "teamid": 14, "name": "Hint for Hello Sunshine", "description": null, "date": "2018-02-18T00:00:13.696681", "value": 0, "category": null, "icon": null}, {"id": 47, "teamid": 39, "name": "Hint for Eyaxx", "description": null, "date": "2018-02-18T00:00:28.531781", "value": -5, "category": null, "icon": null}, {"id": 48, "teamid": 26, "name": "Hint for Deadfish 2", "description": null, "date": "2018-02-18T00:00:44.670736", "value": -1, "category": null, "icon": null}, {"id": 49, "teamid": 51, "name": "Hint for HowHigh", "description": null, "date": "2018-02-18T00:01:52.919751", "value": -1, "category": null, "icon": null}, {"id": 50, "teamid": 12, "name": "Hint for Deadfish 1", "description": null, "date": "2018-02-18T00:01:55.986965", "value": -1, "category": null, "icon": null}, {"id": 51, "teamid": 39, "name": "Hint for Life of Pi", "description": null, "date": "2018-02-18T00:03:25.865559", "value": -3, "category": null, "icon": null}, {"id": 52, "teamid": 24, "name": "Hint for Life of Pi", "description": null, "date": "2018-02-18T00:04:59.819206", "value": -3, "category": null, "icon": null}, {"id": 53, "teamid": 5, "name": "Hint for Steam Locomotive", "description": null, "date": "2018-02-18T00:06:17.004168", "value": 0, "category": null, "icon": null}, {"id": 54, "teamid": 27, "name": "Hint for Welcome to Rome", "description": null, "date": "2018-02-18T00:08:45.170384", "value": -5, "category": null, "icon": null}, {"id": 55, "teamid": 40, "name": "Hint for Hello Sunshine", "description": null, "date": "2018-02-18T00:09:14.153912", "value": 0, "category": null, "icon": null}, {"id": 56, "teamid": 5, "name": "Hint for Hello Sunshine", "description": null, "date": "2018-02-18T00:09:42.792927", "value": 0, "category": null, "icon": null}, {"id": 57, "teamid": 25, "name": "Hint for Pixels", "description": null, "date": "2018-02-18T00:11:06.372938", "value": -1, "category": null, "icon": null}, {"id": 58, "teamid": 12, "name": "Hint for Deadfish 2", "description": null, "date": "2018-02-18T00:11:12.008062", "value": -1, "category": null, "icon": null}, {"id": 59, "teamid": 26, "name": "Hint for A Sky Full of Stars", "description": null, "date": "2018-02-18T00:13:20.484658", "value": 0, "category": null, "icon": null}, {"id": 60, "teamid": 6, "name": "Hint for Hello Sunshine", "description": null, "date": "2018-02-18T00:14:05.033101", "value": 0, "category": null, "icon": null}, {"id": 61, "teamid": 17, "name": "Hint for Life of Pi", "description": null, "date": "2018-02-18T00:14:12.776956", "value": -3, "category": null, "icon": null}, {"id": 62, "teamid": 26, "name": "Hint for Steam Locomotive", "description": null, "date": "2018-02-18T00:15:19.777281", "value": 0, "category": null, "icon": null}, {"id": 63, "teamid": 6, "name": "Hint for Life of Pi", "description": null, "date": "2018-02-18T00:15:43.105466", "value": -3, "category": null, "icon": null}, {"id": 64, "teamid": 28, "name": "Hint for Steam Locomotive", "description": null, "date": "2018-02-18T00:18:49.513304", "value": 0, "category": null, "icon": null}, {"id": 65, "teamid": 5, "name": "Hint for Shifty Tjljye", "description": null, "date": "2018-02-18T00:20:57.378125", "value": -3, "category": null, "icon": null}, {"id": 66, "teamid": 31, "name": "Hint for Steam Locomotive", "description": null, "date": "2018-02-18T00:21:13.092076", "value": 0, "category": null, "icon": null}, {"id": 67, "teamid": 27, "name": "Hint for Steam Locomotive", "description": null, "date": "2018-02-18T00:21:16.540711", "value": 0, "category": null, "icon": null}, {"id": 68, "teamid": 10, "name": "Hint for A Sky Full of Stars", "description": null, "date": "2018-02-18T00:22:27.715223", "value": 0, "category": null, "icon": null}, {"id": 69, "teamid": 29, "name": "Hint for Welcome to Rome", "description": null, "date": "2018-02-18T00:23:10.588684", "value": -5, "category": null, "icon": null}, {"id": 70, "teamid": 8, "name": "Hint for Welcome to Rome", "description": null, "date": "2018-02-18T00:23:52.476308", "value": -5, "category": null, "icon": null}, {"id": 71, "teamid": 12, "name": "Hint for HowHigh", "description": null, "date": "2018-02-18T00:23:54.645111", "value": -1, "category": null, "icon": null}, {"id": 72, "teamid": 25, "name": "Hint for HowHigh", "description": null, "date": "2018-02-18T00:23:56.154015", "value": -1, "category": null, "icon": null}, {"id": 73, "teamid": 25, "name": "Hint for Deadfish 2", "description": null, "date": "2018-02-18T00:24:04.774142", "value": -1, "category": null, "icon": null}, {"id": 74, "teamid": 6, "name": "Hint for Eyaxx", "description": null, "date": "2018-02-18T00:24:07.088347", "value": -5, "category": null, "icon": null}, {"id": 75, "teamid": 25, "name": "Hint for Steam Locomotive", "description": null, "date": "2018-02-18T00:24:29.498566", "value": 0, "category": null, "icon": null}, {"id": 76, "teamid": 6, "name": "Hint for Welcome to Rome", "description": null, "date": "2018-02-18T00:26:00.267021", "value": -5, "category": null, "icon": null}, {"id": 77, "teamid": 33, "name": "Hint for Life of Pi", "description": null, "date": "2018-02-18T00:32:19.915864", "value": -3, "category": null, "icon": null}, {"id": 78, "teamid": 17, "name": "Hint for Hello Sunshine", "description": null, "date": "2018-02-18T00:32:48.652284", "value": 0, "category": null, "icon": null}, {"id": 79, "teamid": 46, "name": "Hint for Pixels", "description": null, "date": "2018-02-18T00:33:26.124373", "value": -1, "category": null, "icon": null}, {"id": 80, "teamid": 33, "name": "Hint for Hello Sunshine", "description": null, "date": "2018-02-18T00:33:35.676572", "value": 0, "category": null, "icon": null}, {"id": 81, "teamid": 44, "name": "Hint for Pixels", "description": null, "date": "2018-02-18T00:34:27.468432", "value": -1, "category": null, "icon": null}, {"id": 82, "teamid": 27, "name": "Hint for HowHigh", "description": null, "date": "2018-02-18T00:34:39.118124", "value": -1, "category": null, "icon": null}, {"id": 83, "teamid": 24, "name": "Hint for La Grande Poursuite", "description": null, "date": "2018-02-18T00:35:42.528491", "value": 0, "category": null, "icon": null}, {"id": 84, "teamid": 6, "name": "Hint for A Sky Full of Stars", "description": null, "date": "2018-02-18T00:36:15.883811", "value": 0, "category": null, "icon": null}, {"id": 85, "teamid": 10, "name": "Hint for Life of Pi", "description": null, "date": "2018-02-18T00:36:18.371974", "value": -3, "category": null, "icon": null}, {"id": 86, "teamid": 5, "name": "Hint for La Grande Poursuite", "description": null, "date": "2018-02-18T00:36:54.351532", "value": 0, "category": null, "icon": null}, {"id": 87, "teamid": 37, "name": "Hint for Deadfish 2", "description": null, "date": "2018-02-18T00:38:00.929530", "value": -1, "category": null, "icon": null}, {"id": 88, "teamid": 14, "name": "Hint for Deadfish 2", "description": null, "date": "2018-02-18T00:39:06.639935", "value": -1, "category": null, "icon": null}, {"id": 89, "teamid": 25, "name": "Hint for Welcome to Rome", "description": null, "date": "2018-02-18T00:39:16.149343", "value": -5, "category": null, "icon": null}, {"id": 90, "teamid": 44, "name": "Hint for HowHigh", "description": null, "date": "2018-02-18T00:40:07.105158", "value": -1, "category": null, "icon": null}, {"id": 91, "teamid": 39, "name": "Hint for Steam Locomotive", "description": null, "date": "2018-02-18T00:40:07.409593", "value": 0, "category": null, "icon": null}, {"id": 92, "teamid": 41, "name": "Hint for Life of Pi", "description": null, "date": "2018-02-18T00:41:05.650445", "value": -3, "category": null, "icon": null}, {"id": 93, "teamid": 26, "name": "Hint for La Grande Poursuite", "description": null, "date": "2018-02-18T00:43:23.783799", "value": 0, "category": null, "icon": null}, {"id": 94, "teamid": 24, "name": "Hint for Slide into dem DMs", "description": null, "date": "2018-02-18T00:43:30.857132", "value": 0, "category": null, "icon": null}, {"id": 95, "teamid": 26, "name": "Hint for Slide into dem DMs", "description": null, "date": "2018-02-18T00:43:31.746277", "value": 0, "category": null, "icon": null}, {"id": 96, "teamid": 8, "name": "Hint for Slide into dem DMs", "description": null, "date": "2018-02-18T00:43:32.974108", "value": 0, "category": null, "icon": null}, {"id": 97, "teamid": 41, "name": "Hint for Deadfish 1", "description": null, "date": "2018-02-18T00:43:46.950082", "value": -1, "category": null, "icon": null}, {"id": 98, "teamid": 24, "name": "Hint for Hello Sunshine", "description": null, "date": "2018-02-18T00:44:11.922743", "value": 0, "category": null, "icon": null}, {"id": 99, "teamid": 10, "name": "Hint for Steam Locomotive", "description": null, "date": "2018-02-18T00:44:20.920637", "value": 0, "category": null, "icon": null}, {"id": 100, "teamid": 24, "name": "Hint for A Sky Full of Stars", "description": null, "date": "2018-02-18T00:44:23.740256", "value": 0, "category": null, "icon": null}, {"id": 101, "teamid": 41, "name": "Hint for Deadfish 2", "description": null, "date": "2018-02-18T00:45:05.826817", "value": -1, "category": null, "icon": null}, {"id": 102, "teamid": 6, "name": "Hint for oh-my-godel", "description": null, "date": "2018-02-18T00:45:12.052528", "value": 0, "category": null, "icon": null}, {"id": 103, "teamid": 5, "name": "Hint for oh-my-godel", "description": null, "date": "2018-02-18T00:45:13.245739", "value": 0, "category": null, "icon": null}, {"id": 104, "teamid": 24, "name": "Hint for oh-my-godel", "description": null, "date": "2018-02-18T00:45:13.592474", "value": 0, "category": null, "icon": null}, {"id": 105, "teamid": 26, "name": "Hint for oh-my-godel", "description": null, "date": "2018-02-18T00:45:14.068568", "value": 0, "category": null, "icon": null}, {"id": 106, "teamid": 12, "name": "Hint for oh-my-godel", "description": null, "date": "2018-02-18T00:45:16.825675", "value": 0, "category": null, "icon": null}, {"id": 107, "teamid": 25, "name": "Hint for oh-my-godel", "description": null, "date": "2018-02-18T00:45:26.640058", "value": 0, "category": null, "icon": null}, {"id": 108, "teamid": 8, "name": "Hint for Life of Pi", "description": null, "date": "2018-02-18T00:47:24.205939", "value": -3, "category": null, "icon": null}, {"id": 109, "teamid": 31, "name": "Hint for Hello Sunshine", "description": null, "date": "2018-02-18T00:47:52.941732", "value": 0, "category": null, "icon": null}, {"id": 110, "teamid": 33, "name": "Hint for oh-my-godel", "description": null, "date": "2018-02-18T00:48:06.068999", "value": 0, "category": null, "icon": null}, {"id": 111, "teamid": 14, "name": "Hint for Slide into dem DMs", "description": null, "date": "2018-02-18T00:48:41.053998", "value": 0, "category": null, "icon": null}, {"id": 112, "teamid": 27, "name": "Hint for Life of Pi", "description": null, "date": "2018-02-18T00:48:49.113564", "value": -3, "category": null, "icon": null}, {"id": 113, "teamid": 40, "name": "Hint for oh-my-godel", "description": null, "date": "2018-02-18T00:49:09.680770", "value": 0, "category": null, "icon": null}, {"id": 114, "teamid": 37, "name": "Hint for La Grande Poursuite", "description": null, "date": "2018-02-18T00:49:55.732212", "value": 0, "category": null, "icon": null}, {"id": 115, "teamid": 37, "name": "Hint for Slide into dem DMs", "description": null, "date": "2018-02-18T00:50:12.270956", "value": 0, "category": null, "icon": null}, {"id": 116, "teamid": 44, "name": "Hint for A Sky Full of Stars", "description": null, "date": "2018-02-18T00:51:23.049901", "value": 0, "category": null, "icon": null}, {"id": 117, "teamid": 39, "name": "Hint for Deadfish 1", "description": null, "date": "2018-02-18T00:52:29.051685", "value": -1, "category": null, "icon": null}, {"id": 118, "teamid": 33, "name": "Hint for Deadfish 2", "description": null, "date": "2018-02-18T00:54:18.488833", "value": -1, "category": null, "icon": null}, {"id": 119, "teamid": 35, "name": "Hint for oh-my-godel", "description": null, "date": "2018-02-18T00:54:18.894563", "value": 0, "category": null, "icon": null}, {"id": 120, "teamid": 31, "name": "Hint for Deadfish 1", "description": null, "date": "2018-02-18T00:54:50.539309", "value": -1, "category": null, "icon": null}, {"id": 121, "teamid": 25, "name": "Hint for Slide into dem DMs", "description": null, "date": "2018-02-18T00:54:51.989220", "value": 0, "category": null, "icon": null}, {"id": 122, "teamid": 8, "name": "Hint for Pixels", "description": null, "date": "2018-02-18T00:55:04.709122", "value": -1, "category": null, "icon": null}, {"id": 123, "teamid": 33, "name": "Hint for HowHigh", "description": null, "date": "2018-02-18T00:56:08.442749", "value": -1, "category": null, "icon": null}, {"id": 124, "teamid": 5, "name": "Hint for Steam Locomotive", "description": null, "date": "2018-02-18T00:56:20.755418", "value": 0, "category": null, "icon": null}, {"id": 125, "teamid": 33, "name": "Hint for Steam Locomotive", "description": null, "date": "2018-02-18T00:57:07.143937", "value": 0, "category": null, "icon": null}, {"id": 126, "teamid": 17, "name": "Hint for Deadfish 2", "description": null, "date": "2018-02-18T00:58:35.672404", "value": -1, "category": null, "icon": null}, {"id": 127, "teamid": 40, "name": "Hint for Steam Locomotive", "description": null, "date": "2018-02-18T01:00:55.023289", "value": 0, "category": null, "icon": null}, {"id": 128, "teamid": 40, "name": "Hint for Steam Locomotive", "description": null, "date": "2018-02-18T01:01:01.933112", "value": 0, "category": null, "icon": null}, {"id": 129, "teamid": 39, "name": "Hint for Deadfish 2", "description": null, "date": "2018-02-18T01:01:43.638663", "value": -1, "category": null, "icon": null}, {"id": 130, "teamid": 25, "name": "Hint for Codegolf", "description": null, "date": "2018-02-18T01:01:52.275436", "value": -5, "category": null, "icon": null}, {"id": 131, "teamid": 25, "name": "Hint for Steam Locomotive", "description": null, "date": "2018-02-18T01:04:22.384431", "value": 0, "category": null, "icon": null}, {"id": 132, "teamid": 32, "name": "Hint for Deadfish 1", "description": null, "date": "2018-02-18T01:07:33.280625", "value": -1, "category": null, "icon": null}, {"id": 133, "teamid": 29, "name": "Hint for Deadfish 1", "description": null, "date": "2018-02-18T01:09:03.894934", "value": -1, "category": null, "icon": null}, {"id": 134, "teamid": 25, "name": "Hint for La Grande Poursuite", "description": null, "date": "2018-02-18T01:13:31.032751", "value": 0, "category": null, "icon": null}, {"id": 135, "teamid": 52, "name": "Hint for Slide into dem DMs", "description": null, "date": "2018-02-18T01:13:31.144937", "value": -5, "category": null, "icon": null}, {"id": 136, "teamid": 52, "name": "Hint for Slide into dem DMs", "description": null, "date": "2018-02-18T01:13:35.172060", "value": 0, "category": null, "icon": null}, {"id": 137, "teamid": 29, "name": "Hint for Steam Locomotive", "description": null, "date": "2018-02-18T01:19:34.370121", "value": 0, "category": null, "icon": null}, {"id": 138, "teamid": 29, "name": "Hint for Steam Locomotive", "description": null, "date": "2018-02-18T01:19:39.350321", "value": 0, "category": null, "icon": null}, {"id": 139, "teamid": 1, "name": "Hint for oh-my-godel", "description": null, "date": "2018-02-18T01:19:59.485499", "value": 0, "category": null, "icon": null}, {"id": 140, "teamid": 30, "name": "Hint for Steam Locomotive", "description": null, "date": "2018-02-18T02:25:01.248635", "value": 0, "category": null, "icon": null}, {"id": 141, "teamid": 30, "name": "Hint for Shifty Tjljye", "description": null, "date": "2018-02-18T02:28:46.945206", "value": -5, "category": null, "icon": null}, {"id": 142, "teamid": 30, "name": "Hint for Deadfish 1", "description": null, "date": "2018-02-18T02:32:00.115065", "value": -1, "category": null, "icon": null}, {"id": 143, "teamid": 10, "name": "Hint for HowHigh", "description": null, "date": "2018-02-18T03:54:25.636209", "value": -1, "category": null, "icon": null}, {"id": 144, "teamid": 24, "name": "Hint for Eyaxx", "description": null, "date": "2018-02-18T11:39:11.104785", "value": -5, "category": null, "icon": null}, {"id": 145, "teamid": 24, "name": "Hint for Welcome to Rome", "description": null, "date": "2018-02-18T12:00:04.481864", "value": -5, "category": null, "icon": null}, {"id": 146, "teamid": 24, "name": "Hint for HowHigh", "description": null, "date": "2018-02-18T12:11:32.848784", "value": -1, "category": null, "icon": null}, {"id": 147, "teamid": 24, "name": "Hint for Steam Locomotive", "description": null, "date": "2018-02-18T12:15:07.002236", "value": 0, "category": null, "icon": null}, {"id": 148, "teamid": 12, "name": "Hint for Pixels", "description": null, "date": "2018-02-18T16:15:14.989747", "value": -1, "category": null, "icon": null}], "meta": {}}