{"count": 17, "results": [{"id": 1, "chal": 2, "location": "67bc3040781b0f3a0d8930a47d6ac400/eyaxx.txt"}, {"id": 2, "chal": 3, "location": "cc8bf9b62ffd42466547d5469827c7c8/shifty.txt"}, {"id": 3, "chal": 4, "location": "66d36dc644b128fbf0ce442d393c9a51/InPUTnOTFOUnD"}, {"id": 4, "chal": 5, "location": "3871ce6fff5f37ad30beaa22994258ea/sneaky.zip"}, {"id": 5, "chal": 6, "location": "29cde8a0d1352fdb7d481eaf6c8fcd30/logo.png"}, {"id": 6, "chal": null, "location": "bd065d68909ef3bfe077c74502475573/script.js"}, {"id": 7, "chal": null, "location": "1b26418fd2f14c8fa34b91e9574a648a/style.css"}, {"id": 8, "chal": 7, "location": "593f3d17fe1fc84b8acdaf16dd286275/sky_key.txt"}, {"id": 9, "chal": 7, "location": "1011b1a7c1efe2959c894a5253e63e58/sky_map.jpg"}, {"id": 10, "chal": 14, "location": "d24302a4dc309a540a380e9a0174353f/exc22n"}, {"id": 11, "chal": 16, "location": "312e74c6813f1859c0a85ff7999bc903/sunshine.wav"}, {"id": 12, "chal": 17, "location": "ba20852ba8fa2c16ed8b9f7e89cb6fcd/intercepted.txt"}, {"id": 14, "chal": 19, "location": "a8300c465d3af08fd38544b58e781092/main"}, {"id": 15, "chal": 20, "location": "e5cb826758ee4a7e7491a2546ea68d88/main"}, {"id": 16, "chal": 18, "location": "f53851ef54af6b14ea978d3ccd33309f/ciphertext2.txt"}, {"id": 17, "chal": 21, "location": "6c86656616f6d1a679c1c4d1cf7d992d/one"}, {"id": 18, "chal": 27, "location": "1256c5e0a02dd568f84d2cca49a794c4/num.txt"}], "meta": {}}