{"count": 19, "results": [{"id": 5, "type": 0, "chal": 9, "hint": "Roses are red. Violets are blue. Without those bees. A square can finally be formed.", "cost": 5}, {"id": 6, "type": 0, "chal": 16, "hint": "I have Synesthesia", "cost": 0}, {"id": 7, "type": 0, "chal": 7, "hint": "If the stars are too bright, try hiding them to see what's truly there.", "cost": 0}, {"id": 8, "type": 0, "chal": 8, "hint": "If caesar cipher shifted letters, what would it do to numbers?", "cost": 5}, {"id": 9, "type": 0, "chal": 1, "hint": "It\u2019s a pretty boring life, you know, to find these digits in a haystack.\u201d\r\nhttp://www.geom.uiuc.edu/~huberty/math5337/groupe/digits.html", "cost": 3}, {"id": 10, "type": 0, "chal": 2, "hint": "Look for multiples of 2s. The number system is pseudo-base2. Try to find patterns in the numbers given and look for pairs of similar numbers. If it helps, you can think of 2 as \u2018ay\u2019 and 5 as \u2018eyx\u2019.", "cost": 5}, {"id": 11, "type": 0, "chal": 17, "hint": "Search up 20 years of RSA attacks", "cost": 5}, {"id": 12, "type": 0, "chal": 3, "hint": "The numbers and letters shift on different modulus.", "cost": 5}, {"id": 13, "type": 0, "chal": 19, "hint": "Can you jump out of the program?", "cost": 1}, {"id": 14, "type": 0, "chal": 6, "hint": "Make sure you look closely at the logo", "cost": 1}, {"id": 15, "type": 0, "chal": 15, "hint": "Why is this named deadfish?", "cost": 1}, {"id": 16, "type": 0, "chal": 14, "hint": "What's the code doing?", "cost": 5}, {"id": 17, "type": 0, "chal": 18, "hint": "What can happen to corrupted data?", "cost": 1}, {"id": 18, "type": 0, "chal": 24, "hint": "who needs hints? not like Steam Locomotives needs them", "cost": 0}, {"id": 19, "type": 0, "chal": 3, "hint": "Did you try all the valid shifts?", "cost": 3}, {"id": 20, "type": 0, "chal": 23, "hint": "The first comment is a  ...[the DJ Khaled Success]", "cost": 0}, {"id": 21, "type": 0, "chal": 17, "hint": "There might be multiple things", "cost": 0}, {"id": 22, "type": 0, "chal": 27, "hint": "17genr", "cost": 0}, {"id": 23, "type": 0, "chal": 24, "hint": "Every second matters", "cost": 0}], "meta": {}}