{"count": 29, "results": [{"id": 1, "chal": 1, "key_type": "static", "flag": "treeCTF{welcome_to_cardinal.pie}", "data": null}, {"id": 2, "chal": 2, "key_type": "static", "flag": "treeCTF{eyaxx=ElephantYolo&x_x}", "data": null}, {"id": 3, "chal": 3, "key_type": "static", "flag": "treeCTF{shifty_arith_best_arith?1*3=91}", "data": null}, {"id": 4, "chal": 4, "key_type": "static", "flag": "treeCTF{ice_meme?}", "data": null}, {"id": 5, "chal": 4, "key_type": "static", "flag": "treeCTF{nice_meme?}", "data": null}, {"id": 6, "chal": 5, "key_type": "static", "flag": "treeCTF{sneaky?SNEAKY_sneaky!!}", "data": null}, {"id": 7, "chal": 6, "key_type": "static", "flag": "treeCTF{hello_pixels_my_old_friend}", "data": null}, {"id": 8, "chal": 7, "key_type": "static", "flag": "oo'h tear the sky a'part", "data": null}, {"id": 9, "chal": 7, "key_type": "static", "flag": "treeCTF{oo'h tear the sky a'part}", "data": null}, {"id": 10, "chal": 8, "key_type": "static", "flag": "treeCTF{caesar_<3_#s_2}", "data": null}, {"id": 11, "chal": 9, "key_type": "regex", "flag": "(tree[cC][tT][fF])?\\{?b?lue[ _]?is[ _]?a[ _]?b?eautiful[ _]?color\\}?", "data": null}, {"id": 13, "chal": 10, "key_type": "static", "flag": "treeCTF{did_you_look_EVERYWHERE?}", "data": null}, {"id": 14, "chal": 11, "key_type": "static", "flag": "treeCTF{80tS_b3L0nG_iN_A_M3TR1X}", "data": null}, {"id": 15, "chal": 12, "key_type": "static", "flag": "treeCTF{atk_@_dawn}", "data": null}, {"id": 16, "chal": 13, "key_type": "static", "flag": "treeCTF{i_FOUND_the_C00KIES}", "data": null}, {"id": 17, "chal": 14, "key_type": "static", "flag": "treectf{wut_is_this_pyfuck}", "data": null}, {"id": 18, "chal": 15, "key_type": "static", "flag": "treeCTF{don't_eat_dead_fish_for_dinner}", "data": null}, {"id": 19, "chal": 16, "key_type": "static", "flag": "treeCTF{audio-steg-is-cool-9324757}", "data": null}, {"id": 20, "chal": 17, "key_type": "static", "flag": "treeCTF{r54_15n'7_7h47_b4d_259774321432}", "data": null}, {"id": 21, "chal": 18, "key_type": "static", "flag": "treeCTF{s*ome_**sh_is*mor*_delic*o*s_than_<3}", "data": null}, {"id": 22, "chal": 19, "key_type": "static", "flag": "treeCTF{eZXactLqwey_Tjis_hgiegh}", "data": null}, {"id": 23, "chal": 20, "key_type": "static", "flag": "treeCTF{m0Arrr3-thakjfn_jast-a-re3d}", "data": null}, {"id": 24, "chal": 21, "key_type": "static", "flag": "treeCTF{ice_melts_(sometimes?)}", "data": null}, {"id": 25, "chal": 22, "key_type": "static", "flag": "treectf{emoji_genius}", "data": null}, {"id": 26, "chal": 23, "key_type": "static", "flag": "treeCTF{CacheM30utZide}", "data": null}, {"id": 27, "chal": 24, "key_type": "static", "flag": "treeCTF{s0o_g00d}", "data": null}, {"id": 28, "chal": 25, "key_type": "static", "flag": "TREECTF{KNOWLEDGE_IS_POWER}", "data": null}, {"id": 29, "chal": 26, "key_type": "static", "flag": "treeCTF{white_hat_hacking}", "data": null}, {"id": 30, "chal": 27, "key_type": "static", "flag": "treeCTF{InC01empl3t3na3ss~}", "data": null}], "meta": {}}