{"count": 54, "results": [{"id": 1, "name": "treectf", "email": "wanqizhu@stanford.edu", "password": "$bcrypt-sha256$2b,12$SZfY8GgNEUSRRcBH20D3YO$0Whz11DK13EDRsE4Hai1pGvbHBsLsYG", "website": "", "affiliation": "", "country": "", "bracket": null, "banned": true, "verified": false, "admin": true, "joined": "2017-12-10T02:30:39.843029"}, {"id": 2, "name": "test", "email": "test@gmail.com", "password": "$bcrypt-sha256$2b,12$Wkog3cV.sEHkUqMB8hUQIu$1hN6HTmlTaB11UJjlDQM1gO1MvZfxw6", "website": null, "affiliation": null, "country": null, "bracket": null, "banned": false, "verified": false, "admin": false, "joined": "2018-02-16T01:22:03.439139"}, {"id": 3, "name": "Andrew", "email": "amilich@stanford.edu", "password": "$bcrypt-sha256$2b,12$0DIfbTwOSn1BbZcICPLboO$wXP.EDLLRa8vwRvw0IvLezBOTEJTarW", "website": null, "affiliation": null, "country": null, "bracket": null, "banned": false, "verified": false, "admin": false, "joined": "2018-02-17T01:12:45.417071"}, {"id": 4, "name": "bob", "email": "bob@bob.com", "password": "$bcrypt-sha256$2b,12$Cm3T1TL3Qc9EljM/ypxJnO$D1cdS0nl9o8cECcPamWwB/tnOlpr1Ka", "website": null, "affiliation": null, "country": null, "bracket": null, "banned": false, "verified": false, "admin": false, "joined": "2018-02-17T19:29:29.933401"}, {"id": 5, "name": "Steam Locomotive", "email": "ehsanmasdar@gmail.com", "password": "$bcrypt-sha256$2b,12$F6F.kTwQk0JrGtm1GIgVAe$CvhYi39aCOhyvFWgiRaO9/PcbgDPVqS", "website": null, "affiliation": null, "country": null, "bracket": null, "banned": false, "verified": false, "admin": false, "joined": "2018-02-17T20:40:36.522042"}, {"id": 6, "name": "Sardines", "email": "chzou2009@gmail.com", "password": "$bcrypt-sha256$2b,12$Lq9VniMPyCI61/fboLumce$oAj26sjRgZI1o0wqpcwYT1EeGd/swMC", "website": null, "affiliation": null, "country": null, "bracket": null, "banned": false, "verified": false, "admin": false, "joined": "2018-02-17T21:02:49.811351"}, {"id": 7, "name": "toastbandits", "email": "ebiddlec@mail.ccsf.edu", "password": "$bcrypt-sha256$2b,12$7JAlPn4es/aviLgN4NVSce$6NLvkw1ycjC91RYpeaiiyGWdtpLSxHW", "website": null, "affiliation": null, "country": null, "bracket": null, "banned": false, "verified": false, "admin": false, "joined": "2018-02-17T21:05:15.134138"}, {"id": 8, "name": "RyanBrad", "email": "bradleyr@stanford.edu", "password": "$bcrypt-sha256$2b,12$uftyDj5CR4bFhu4rF9.5XO$P7dfrzZJDYhGcLMGfQM3t2fVwNc5A.u", "website": null, "affiliation": null, "country": null, "bracket": null, "banned": false, "verified": false, "admin": false, "joined": "2018-02-17T21:05:35.430283"}, {"id": 9, "name": "MAW", "email": "masotoudeh@ucdavis.edu", "password": "$bcrypt-sha256$2b,12$jmumCGMWYjHoiWGckRbL8e$o23biSLcayex6evOxNRgWlLVNh4q3qG", "website": null, "affiliation": null, "country": null, "bracket": null, "banned": false, "verified": false, "admin": false, "joined": "2018-02-17T21:05:46.951473"}, {"id": 10, "name": "KitKat", "email": "danschen@stanford.edu", "password": "$bcrypt-sha256$2b,12$9J/mJb0AW7kUJnBp4T3tp.$g/LCMOaSD9oLWrEylxey.SV/v2L/iLS", "website": null, "affiliation": null, "country": null, "bracket": null, "banned": false, "verified": false, "admin": false, "joined": "2018-02-17T21:05:53.317192"}, {"id": 11, "name": "underhill", "email": "j12butler@gmail.com", "password": "$bcrypt-sha256$2b,12$eu6XGu01U.dtINI6AmmLn.$vfmvGRAU1jWj9u/tSNN6F0OmrZGBFg2", "website": null, "affiliation": null, "country": null, "bracket": null, "banned": false, "verified": false, "admin": false, "joined": "2018-02-17T21:06:14.038952"}, {"id": 12, "name": "usc-1", "email": "nfoo@usc.edu", "password": "$bcrypt-sha256$2b,12$Ih7z62ROo7rc14hSb/Z9Cu$lobuOXvgKVMlhuLh1ZL91BWI6wzduxy", "website": "", "affiliation": "", "country": "", "bracket": null, "banned": false, "verified": false, "admin": false, "joined": "2018-02-17T21:06:49.480442"}, {"id": 13, "name": "CS", "email": "cluesbj@berkeley.edu", "password": "$bcrypt-sha256$2b,12$hZ8PPaQKS/5WuEZODhkrje$hTSvHHBazCNqAqQNq9OO9UgtLO8KbFS", "website": "", "affiliation": "", "country": "", "bracket": null, "banned": false, "verified": false, "admin": false, "joined": "2018-02-17T21:07:28.296499"}, {"id": 14, "name": "IshaanKrager", "email": "matthewkrager@gmail.com", "password": "$bcrypt-sha256$2b,12$CAXhFOg5HLyd7x0fIhuSp.$0os8gWU3m144wtMpv10cLw7bQS52Pxu", "website": null, "affiliation": null, "country": null, "bracket": null, "banned": false, "verified": false, "admin": false, "joined": "2018-02-17T21:07:37.948987"}, {"id": 15, "name": "KentIsaiahIvan:)", "email": "itbush@stanford.edu", "password": "$bcrypt-sha256$2b,12$w6UUsK1mtDhnXaSVfJXzXe$/cKtwO/IJOaeQgyS2r6C2yzy3nWMBq6", "website": null, "affiliation": null, "country": null, "bracket": null, "banned": false, "verified": false, "admin": false, "joined": "2018-02-17T21:07:49.991339"}, {"id": 16, "name": "ALove", "email": "jtwagner@stanford.edu", "password": "$bcrypt-sha256$2b,12$qNJt0Jcz0M0Cc5G5ESbGte$.Fh/L6ieUK6B1e1gK9PRSkMd/.vXQM2", "website": null, "affiliation": null, "country": null, "bracket": null, "banned": false, "verified": false, "admin": false, "joined": "2018-02-17T21:08:46.991721"}, {"id": 17, "name": "The Greatest Showomen", "email": "emilyqychen@ucla.edu", "password": "$bcrypt-sha256$2b,12$keaBW5HJwOVz2Ri3EyWgEe$jzWee7zDGYvnliaIau2mb93qN3chwQ6", "website": null, "affiliation": null, "country": null, "bracket": null, "banned": false, "verified": false, "admin": false, "joined": "2018-02-17T21:09:54.685448"}, {"id": 18, "name": "You're Not You When You're Hungry", "email": "jameson.k.thai@gmail.com", "password": "$bcrypt-sha256$2b,12$nnFjBPBb3iqdvr0f6sgER.$VeTJLCSZGNP5SEPAqI4g0eZKkf4T/My", "website": null, "affiliation": null, "country": null, "bracket": null, "banned": false, "verified": false, "admin": false, "joined": "2018-02-17T21:09:55.904690"}, {"id": 19, "name": "\u00f1", "email": "chloeb99@stanford.edu", "password": "$bcrypt-sha256$2b,12$TxOoFWQHyxPku.27bUaD/e$aDaU8Dw1bo9svnnBbqxDfxRY5PQvpFC", "website": null, "affiliation": null, "country": null, "bracket": null, "banned": false, "verified": false, "admin": false, "joined": "2018-02-17T21:11:03.031048"}, {"id": 20, "name": "mikey", "email": "mikey10000000@gmail.com", "password": "$bcrypt-sha256$2b,12$qnbXCGGRuOWNlz0MUJFLO.$CcfT1a0u.y2iCeZktoF2Z1yYBDI7r3W", "website": null, "affiliation": null, "country": null, "bracket": null, "banned": false, "verified": false, "admin": false, "joined": "2018-02-17T21:11:14.371469"}, {"id": 21, "name": "GottaSolveEmAll", "email": "kentv@stanford.edu", "password": "$bcrypt-sha256$2b,12$SEBkPvk7qkjDbM4vJH4VJ.$dZBMGo3n8PvNR3hn.GMcDkue5VP1lba", "website": null, "affiliation": null, "country": null, "bracket": null, "banned": false, "verified": false, "admin": false, "joined": "2018-02-17T21:11:22.511710"}, {"id": 22, "name": "Bingo Boomps", "email": "chuanbo@stanford.edu", "password": "$bcrypt-sha256$2b,12$8PmdI6vEfRfnxJRS3061aO$NNSMm/B2gHVKZ2q0.u5egwVseRT4/zq", "website": null, "affiliation": null, "country": null, "bracket": null, "banned": false, "verified": false, "admin": false, "joined": "2018-02-17T21:11:45.486727"}, {"id": 23, "name": "r00t", "email": "jeantu@usc.edu", "password": "$bcrypt-sha256$2b,12$TBCLktOF5.5Q0GHxaUUNae$GjUXsrCqj4CvR0zqtiZMu.efZnP1xi.", "website": null, "affiliation": null, "country": null, "bracket": null, "banned": false, "verified": false, "admin": false, "joined": "2018-02-17T21:12:00.051458"}, {"id": 24, "name": "Team Rocket", "email": "tgsun@stanford.edu", "password": "$bcrypt-sha256$2b,12$BSbI73FXUm4JB8uURK482.$YmXY.2AQ6xZvpC1t31YoskTIYu8XzkW", "website": null, "affiliation": null, "country": null, "bracket": null, "banned": false, "verified": false, "admin": false, "joined": "2018-02-17T21:12:19.498933"}, {"id": 25, "name": "Last Place", "email": "hi@atsushi.me", "password": "$bcrypt-sha256$2b,12$s9GRSr5XDa.N/ByWyfa5M.$HOE5D/AcLDeMI/lBGVNrJDA/40X8msW", "website": null, "affiliation": null, "country": null, "bracket": null, "banned": false, "verified": false, "admin": false, "joined": "2018-02-17T21:12:23.694949"}, {"id": 26, "name": "MAWteam", "email": "adhiv@berkeley.edu", "password": "$bcrypt-sha256$2b,12$9Wn0keUwcngWARQlztcSFu$zkShJm9jThK629j5SIpWgEvA1EdCgvS", "website": null, "affiliation": null, "country": null, "bracket": null, "banned": false, "verified": false, "admin": false, "joined": "2018-02-17T21:12:33.439784"}, {"id": 27, "name": "null", "email": "kuanyiwu@usc.edu", "password": "$bcrypt-sha256$2b,12$bWzvedulSmidt7drbh5fb.$AhAGXW07VdAuNgfbAWgyc7cLMVmxMEa", "website": null, "affiliation": null, "country": null, "bracket": null, "banned": false, "verified": false, "admin": false, "joined": "2018-02-17T21:12:57.051710"}, {"id": 28, "name": "Greedy Goblins", "email": "rune@norderhaug.name", "password": "$bcrypt-sha256$2b,12$JJuyYZXUpDscTZlH1tNovO$vUXyyEgsv0NYRZq8YZt3iPtAiHimVN.", "website": null, "affiliation": null, "country": null, "bracket": null, "banned": false, "verified": false, "admin": false, "joined": "2018-02-17T21:13:09.729760"}, {"id": 29, "name": "Taste The Rainbow", "email": "jameson.thai@sjsu.edu", "password": "$bcrypt-sha256$2b,12$E9ARYiXwhauR/yNSwZ4EAO$yEPZQHO5XEFERUj6mWEErRe0XE0.jwy", "website": null, "affiliation": null, "country": null, "bracket": null, "banned": false, "verified": false, "admin": false, "joined": "2018-02-17T21:13:18.419184"}, {"id": 30, "name": "Fish", "email": "jenzou@berkeley.edu", "password": "$bcrypt-sha256$2b,12$VIxBtI/uD.Viw0m/P1GmEO$EAjr/6zM5PRJ3GScmFzZSfDo1G7ukHa", "website": null, "affiliation": null, "country": null, "bracket": null, "banned": false, "verified": false, "admin": false, "joined": "2018-02-17T21:14:06.833321"}, {"id": 31, "name": "HackCrazy", "email": "yingbowang@ucla.edu", "password": "$bcrypt-sha256$2b,12$uyltDk6v.D2gIAHfjNFwz.$Olv/cd1sALvVn78NHUMw4h7rUrfamNy", "website": null, "affiliation": null, "country": null, "bracket": null, "banned": false, "verified": false, "admin": false, "joined": "2018-02-17T21:14:33.606085"}, {"id": 32, "name": "Artemis", "email": "jexu@stanford.edu", "password": "$bcrypt-sha256$2b,12$FBhYha2UL4UqKyaKj73BNe$3EGJu0hT9fR6wo3Y134afv8hMSCJeqe", "website": null, "affiliation": null, "country": null, "bracket": null, "banned": false, "verified": false, "admin": false, "joined": "2018-02-17T21:14:47.397084"}, {"id": 33, "name": "it's a secret", "email": "ashwarya_srini@berkeley.edu", "password": "$bcrypt-sha256$2b,12$cBsRkV..aQiq1DcRPpHyCO$Duv4oapydvPhe.bwuknv3azBINw0Fqi", "website": null, "affiliation": null, "country": null, "bracket": null, "banned": false, "verified": false, "admin": false, "joined": "2018-02-17T21:14:56.007702"}, {"id": 34, "name": "Binary Trees", "email": "akalose@stanford.edu", "password": "$bcrypt-sha256$2b,12$2Ll8xW3QCbH77fp9vxvzhO$9vALHIkV6bPTq1jvgA4VCtsNi0Jl3HW", "website": null, "affiliation": null, "country": null, "bracket": null, "banned": false, "verified": false, "admin": false, "joined": "2018-02-17T21:22:14.201753"}, {"id": 35, "name": "sushanth_is_bad_at_tech", "email": "jc4697@columbia.edu", "password": "$bcrypt-sha256$2b,12$epvx..U1PzdFB7wqHTViLe$IjFTDvYcIxVnjuDpPz3ad5q2L8DCKOq", "website": null, "affiliation": null, "country": null, "bracket": null, "banned": false, "verified": false, "admin": false, "joined": "2018-02-17T21:22:52.324181"}, {"id": 36, "name": "No you choose", "email": "echapman@hmc.edu", "password": "$bcrypt-sha256$2b,12$Zxwx3bMXSGAyFx.07X2Mje$RXdN89XJIb3POkpjGDeh0mfAYC4XE.G", "website": null, "affiliation": null, "country": null, "bracket": null, "banned": false, "verified": false, "admin": false, "joined": "2018-02-17T21:23:00.157796"}, {"id": 37, "name": "Bears Smoke Trees", "email": "alexanderwu@berkeley.edu", "password": "$bcrypt-sha256$2b,12$Fw2PUVdgG7QRqOAWmNZdue$FNpFtWOMuecXWkE/ZGffvb/wJGBxh5a", "website": "", "affiliation": "#1 Public University in the World", "country": "", "bracket": null, "banned": false, "verified": false, "admin": false, "joined": "2018-02-17T21:25:08.342705"}, {"id": 38, "name": "toast", "email": "elzhao@caltech.edu", "password": "$bcrypt-sha256$2b,12$/aP33ph6LvY0RuFIHKxr/e$pO79iVl2Osjp55AOx37XpyPxOkTTPrm", "website": null, "affiliation": null, "country": null, "bracket": null, "banned": false, "verified": false, "admin": false, "joined": "2018-02-17T21:46:30.391744"}, {"id": 39, "name": "Expo", "email": "ide@expo.io", "password": "$bcrypt-sha256$2b,12$Wuy8RnSGEzGUnBLuID.XLe$FF3FF1HZkmx.QosCjwfWIhz3Ch4ZR.a", "website": null, "affiliation": null, "country": null, "bracket": null, "banned": false, "verified": false, "admin": false, "joined": "2018-02-17T21:52:47.546684"}, {"id": 40, "name": "pintos", "email": "jblee94@stanford.edu", "password": "$bcrypt-sha256$2b,12$Llb6A2rDWt5qRqATOLg9A.$ynTqRiYtKPMJlI9xUlCgTq1ebQ9UVlW", "website": null, "affiliation": null, "country": null, "bracket": null, "banned": false, "verified": false, "admin": false, "joined": "2018-02-17T21:55:01.962917"}, {"id": 41, "name": "Miles2Go", "email": "miles.in@expo.io", "password": "$bcrypt-sha256$2b,12$Aswxhf/PS.ebruxQXVocE.$.ZHGtAPrBxmygqkFVc4.//7E4n33XcK", "website": null, "affiliation": null, "country": null, "bracket": null, "banned": false, "verified": false, "admin": false, "joined": "2018-02-17T21:57:05.014471"}, {"id": 42, "name": "wearenoobs", "email": "siddkap@stanford.edu", "password": "$bcrypt-sha256$2b,12$Wsm5es0XVvoQwINvoY1cNO$Q63rKPzduKbz1aFVD3HMQGg6mQkQppe", "website": null, "affiliation": null, "country": null, "bracket": null, "banned": false, "verified": false, "admin": false, "joined": "2018-02-17T22:07:35.127854"}, {"id": 43, "name": "pr0cr4571n8r", "email": "simond@berkeley.edu", "password": "$bcrypt-sha256$2b,12$86LiSAepfVWrgWAOwxxYou$BhObZqK65/c1NtOgaHOOEz7gM9PKE6G", "website": null, "affiliation": null, "country": null, "bracket": null, "banned": false, "verified": false, "admin": false, "joined": "2018-02-17T22:16:57.595094"}, {"id": 44, "name": "edible tide pods llc", "email": "shelleyz@princeton.edu", "password": "$bcrypt-sha256$2b,12$ahyR8//.0z7uTi6.GB/rTu$BrKF2HpDlYyjJ025ceGUBS.znOgIgam", "website": null, "affiliation": null, "country": null, "bracket": null, "banned": false, "verified": false, "admin": false, "joined": "2018-02-17T22:21:58.445470"}, {"id": 45, "name": "JohnDoe", "email": "afreen.aliya@mail.mcgill.ca", "password": "$bcrypt-sha256$2b,12$BOar47x2DGC6k7530zjCTu$Eqjh0GZy9m2Ax7xRnhF/IIiyOFi5qEi", "website": null, "affiliation": null, "country": null, "bracket": null, "banned": false, "verified": false, "admin": false, "joined": "2018-02-17T22:42:31.227686"}, {"id": 46, "name": "PanPanPan", "email": "yinghang@stanford.edu", "password": "$bcrypt-sha256$2b,12$W4wl3B.U.3NpajzioG4GL.$Tjm9eHu61O.pNPrinxzek82K29OZKwG", "website": null, "affiliation": null, "country": null, "bracket": null, "banned": false, "verified": false, "admin": false, "joined": "2018-02-17T22:46:02.108573"}, {"id": 47, "name": "ACW", "email": "chinmayp@stanford.edu", "password": "$bcrypt-sha256$2b,12$OPveZaG632nBEIsjuDB0C.$TcgQOQiwWzSHE3eFnORx5arVMmHXi0G", "website": null, "affiliation": null, "country": null, "bracket": null, "banned": false, "verified": false, "admin": false, "joined": "2018-02-17T22:47:59.915200"}, {"id": 48, "name": "Hummingbird", "email": "ldomine@stanford.edu", "password": "$bcrypt-sha256$2b,12$7dS/MLdWLCSmQUFcm7OEDe$U338X71af2cYrwFVf2dh5w3aQEXmBqW", "website": "", "affiliation": "Stanford University", "country": "", "bracket": null, "banned": false, "verified": false, "admin": false, "joined": "2018-02-17T22:53:24.105148"}, {"id": 49, "name": "p8b0l", "email": "tramdas@usc.edu", "password": "$bcrypt-sha256$2b,12$MSAD/HUiFVDqZX9tigBKGe$0liclM6Nqd06HxM0fF8kKNUQTlPlyFi", "website": null, "affiliation": null, "country": null, "bracket": null, "banned": false, "verified": false, "admin": false, "joined": "2018-02-17T22:53:38.232145"}, {"id": 50, "name": "Playbook", "email": "sean@summerplaybook.com", "password": "$bcrypt-sha256$2b,12$bqhYYFlMjdSPRf6dpnIIs.$qYbyMl1M43A53JV1QkXVPp6R1y2671m", "website": null, "affiliation": null, "country": null, "bracket": null, "banned": false, "verified": false, "admin": false, "joined": "2018-02-17T23:01:33.194870"}, {"id": 51, "name": "navisens", "email": "yen.cheng@navisens.com", "password": "$bcrypt-sha256$2b,12$hs1zb0iPD2yty4j/ksLgSe$zyo04FBAafxKVsBuugvPDAHykNqmcSG", "website": null, "affiliation": null, "country": null, "bracket": null, "banned": false, "verified": false, "admin": false, "joined": "2018-02-17T23:11:17.291065"}, {"id": 52, "name": "NinjaSpider", "email": "gshagun@stanford.edu", "password": "$bcrypt-sha256$2b,12$sqakAMiszJRvEy14.mMNoe$nnFLt86XoGGL3NfAjVlmOXkNGvazzry", "website": null, "affiliation": null, "country": null, "bracket": null, "banned": false, "verified": false, "admin": false, "joined": "2018-02-17T23:15:31.777350"}, {"id": 53, "name": "bobbob", "email": "bob123@bob123.com", "password": "$bcrypt-sha256$2b,12$/nIEo3YDzKE.N.1KqQEToO$8FIfw3.wWPuEfl1smixiPU6kea7XgZG", "website": null, "affiliation": null, "country": null, "bracket": null, "banned": false, "verified": false, "admin": false, "joined": "2018-02-17T23:49:17.250462"}, {"id": 54, "name": "asdf", "email": "ageji8@gmail.com", "password": "$bcrypt-sha256$2b,12$qHJd51IA2vzZviLJGO8Xbu$fXRwBZqT1HPhfGU6aXkje8JUg7mgJeO", "website": null, "affiliation": null, "country": null, "bracket": null, "banned": false, "verified": false, "admin": false, "joined": "2018-02-18T00:27:54.752801"}], "meta": {}}