{"count": 147, "results": [{"id": 3, "teamid": 1, "date": "2018-01-29T05:04:16.151118", "itemid": 9, "model": "hints"}, {"id": 4, "teamid": 1, "date": "2018-01-29T05:21:53.983679", "itemid": 11, "model": "hints"}, {"id": 5, "teamid": 1, "date": "2018-01-29T05:23:26.213269", "itemid": 12, "model": "hints"}, {"id": 6, "teamid": 17, "date": "2018-02-17T22:14:09.106838", "itemid": 5, "model": "hints"}, {"id": 7, "teamid": 30, "date": "2018-02-17T22:38:28.360615", "itemid": 5, "model": "hints"}, {"id": 8, "teamid": 21, "date": "2018-02-17T23:26:43.354310", "itemid": 5, "model": "hints"}, {"id": 9, "teamid": 27, "date": "2018-02-17T23:42:34.962235", "itemid": 6, "model": "hints"}, {"id": 10, "teamid": 25, "date": "2018-02-17T23:42:50.661917", "itemid": 9, "model": "hints"}, {"id": 11, "teamid": 7, "date": "2018-02-17T23:43:02.968575", "itemid": 6, "model": "hints"}, {"id": 12, "teamid": 26, "date": "2018-02-17T23:43:18.835331", "itemid": 9, "model": "hints"}, {"id": 13, "teamid": 27, "date": "2018-02-17T23:43:25.984221", "itemid": 7, "model": "hints"}, {"id": 14, "teamid": 12, "date": "2018-02-17T23:43:41.600050", "itemid": 8, "model": "hints"}, {"id": 15, "teamid": 7, "date": "2018-02-17T23:43:51.731854", "itemid": 10, "model": "hints"}, {"id": 16, "teamid": 33, "date": "2018-02-17T23:43:55.479016", "itemid": 7, "model": "hints"}, {"id": 17, "teamid": 7, "date": "2018-02-17T23:45:32.178955", "itemid": 9, "model": "hints"}, {"id": 18, "teamid": 26, "date": "2018-02-17T23:46:04.216376", "itemid": 8, "model": "hints"}, {"id": 19, "teamid": 26, "date": "2018-02-17T23:46:26.732422", "itemid": 6, "model": "hints"}, {"id": 20, "teamid": 46, "date": "2018-02-17T23:47:09.878519", "itemid": 6, "model": "hints"}, {"id": 21, "teamid": 24, "date": "2018-02-17T23:49:24.854488", "itemid": 18, "model": "hints"}, {"id": 22, "teamid": 37, "date": "2018-02-17T23:49:29.208011", "itemid": 18, "model": "hints"}, {"id": 23, "teamid": 35, "date": "2018-02-17T23:49:44.385852", "itemid": 6, "model": "hints"}, {"id": 24, "teamid": 26, "date": "2018-02-17T23:50:21.178919", "itemid": 14, "model": "hints"}, {"id": 25, "teamid": 37, "date": "2018-02-17T23:50:27.764480", "itemid": 14, "model": "hints"}, {"id": 26, "teamid": 35, "date": "2018-02-17T23:50:39.334828", "itemid": 14, "model": "hints"}, {"id": 27, "teamid": 43, "date": "2018-02-17T23:51:07.364683", "itemid": 5, "model": "hints"}, {"id": 28, "teamid": 27, "date": "2018-02-17T23:51:15.474953", "itemid": 14, "model": "hints"}, {"id": 29, "teamid": 7, "date": "2018-02-17T23:51:41.772686", "itemid": 14, "model": "hints"}, {"id": 30, "teamid": 17, "date": "2018-02-17T23:51:43.304156", "itemid": 18, "model": "hints"}, {"id": 31, "teamid": 33, "date": "2018-02-17T23:51:43.955840", "itemid": 18, "model": "hints"}, {"id": 32, "teamid": 6, "date": "2018-02-17T23:51:59.418319", "itemid": 18, "model": "hints"}, {"id": 33, "teamid": 14, "date": "2018-02-17T23:52:21.400991", "itemid": 15, "model": "hints"}, {"id": 34, "teamid": 46, "date": "2018-02-17T23:52:29.872174", "itemid": 7, "model": "hints"}, {"id": 35, "teamid": 40, "date": "2018-02-17T23:53:10.548329", "itemid": 7, "model": "hints"}, {"id": 36, "teamid": 27, "date": "2018-02-17T23:53:16.953976", "itemid": 17, "model": "hints"}, {"id": 37, "teamid": 27, "date": "2018-02-17T23:53:23.831814", "itemid": 15, "model": "hints"}, {"id": 38, "teamid": 7, "date": "2018-02-17T23:54:22.534239", "itemid": 13, "model": "hints"}, {"id": 39, "teamid": 29, "date": "2018-02-17T23:55:07.227197", "itemid": 13, "model": "hints"}, {"id": 40, "teamid": 35, "date": "2018-02-17T23:55:58.347751", "itemid": 13, "model": "hints"}, {"id": 41, "teamid": 35, "date": "2018-02-17T23:56:13.138245", "itemid": 9, "model": "hints"}, {"id": 42, "teamid": 17, "date": "2018-02-17T23:56:42.610194", "itemid": 8, "model": "hints"}, {"id": 43, "teamid": 12, "date": "2018-02-17T23:57:04.430358", "itemid": 9, "model": "hints"}, {"id": 44, "teamid": 26, "date": "2018-02-17T23:57:31.194362", "itemid": 13, "model": "hints"}, {"id": 45, "teamid": 7, "date": "2018-02-17T23:57:45.190539", "itemid": 15, "model": "hints"}, {"id": 46, "teamid": 14, "date": "2018-02-17T23:59:52.767927", "itemid": 18, "model": "hints"}, {"id": 47, "teamid": 14, "date": "2018-02-18T00:00:13.696977", "itemid": 6, "model": "hints"}, {"id": 48, "teamid": 39, "date": "2018-02-18T00:00:28.532407", "itemid": 10, "model": "hints"}, {"id": 49, "teamid": 26, "date": "2018-02-18T00:00:44.671440", "itemid": 17, "model": "hints"}, {"id": 50, "teamid": 51, "date": "2018-02-18T00:01:52.920038", "itemid": 13, "model": "hints"}, {"id": 51, "teamid": 12, "date": "2018-02-18T00:01:55.987258", "itemid": 15, "model": "hints"}, {"id": 52, "teamid": 39, "date": "2018-02-18T00:03:25.866193", "itemid": 9, "model": "hints"}, {"id": 53, "teamid": 24, "date": "2018-02-18T00:04:59.818559", "itemid": 9, "model": "hints"}, {"id": 54, "teamid": 5, "date": "2018-02-18T00:06:17.003544", "itemid": 18, "model": "hints"}, {"id": 55, "teamid": 27, "date": "2018-02-18T00:08:45.171340", "itemid": 8, "model": "hints"}, {"id": 56, "teamid": 40, "date": "2018-02-18T00:09:14.154560", "itemid": 6, "model": "hints"}, {"id": 57, "teamid": 5, "date": "2018-02-18T00:09:42.793212", "itemid": 6, "model": "hints"}, {"id": 58, "teamid": 25, "date": "2018-02-18T00:11:06.373552", "itemid": 14, "model": "hints"}, {"id": 59, "teamid": 12, "date": "2018-02-18T00:11:12.007775", "itemid": 17, "model": "hints"}, {"id": 60, "teamid": 26, "date": "2018-02-18T00:13:20.484038", "itemid": 7, "model": "hints"}, {"id": 61, "teamid": 6, "date": "2018-02-18T00:14:05.033728", "itemid": 6, "model": "hints"}, {"id": 62, "teamid": 17, "date": "2018-02-18T00:14:12.776333", "itemid": 9, "model": "hints"}, {"id": 63, "teamid": 26, "date": "2018-02-18T00:15:19.777898", "itemid": 18, "model": "hints"}, {"id": 64, "teamid": 6, "date": "2018-02-18T00:15:43.105771", "itemid": 9, "model": "hints"}, {"id": 65, "teamid": 28, "date": "2018-02-18T00:18:49.512287", "itemid": 18, "model": "hints"}, {"id": 66, "teamid": 5, "date": "2018-02-18T00:20:57.378413", "itemid": 19, "model": "hints"}, {"id": 67, "teamid": 31, "date": "2018-02-18T00:21:13.092693", "itemid": 18, "model": "hints"}, {"id": 68, "teamid": 27, "date": "2018-02-18T00:21:16.539778", "itemid": 18, "model": "hints"}, {"id": 69, "teamid": 10, "date": "2018-02-18T00:22:27.715839", "itemid": 7, "model": "hints"}, {"id": 70, "teamid": 29, "date": "2018-02-18T00:23:10.587718", "itemid": 8, "model": "hints"}, {"id": 71, "teamid": 8, "date": "2018-02-18T00:23:52.477282", "itemid": 8, "model": "hints"}, {"id": 72, "teamid": 12, "date": "2018-02-18T00:23:54.645412", "itemid": 13, "model": "hints"}, {"id": 73, "teamid": 25, "date": "2018-02-18T00:23:56.153730", "itemid": 13, "model": "hints"}, {"id": 74, "teamid": 25, "date": "2018-02-18T00:24:04.774450", "itemid": 17, "model": "hints"}, {"id": 75, "teamid": 6, "date": "2018-02-18T00:24:07.088072", "itemid": 10, "model": "hints"}, {"id": 76, "teamid": 25, "date": "2018-02-18T00:24:29.498253", "itemid": 18, "model": "hints"}, {"id": 77, "teamid": 6, "date": "2018-02-18T00:26:00.267316", "itemid": 8, "model": "hints"}, {"id": 78, "teamid": 33, "date": "2018-02-18T00:32:19.915583", "itemid": 9, "model": "hints"}, {"id": 79, "teamid": 17, "date": "2018-02-18T00:32:48.652892", "itemid": 6, "model": "hints"}, {"id": 80, "teamid": 46, "date": "2018-02-18T00:33:26.124665", "itemid": 14, "model": "hints"}, {"id": 81, "teamid": 33, "date": "2018-02-18T00:33:35.675575", "itemid": 6, "model": "hints"}, {"id": 82, "teamid": 44, "date": "2018-02-18T00:34:27.467780", "itemid": 14, "model": "hints"}, {"id": 83, "teamid": 27, "date": "2018-02-18T00:34:39.117848", "itemid": 13, "model": "hints"}, {"id": 84, "teamid": 24, "date": "2018-02-18T00:35:42.528765", "itemid": 20, "model": "hints"}, {"id": 85, "teamid": 6, "date": "2018-02-18T00:36:15.883155", "itemid": 7, "model": "hints"}, {"id": 86, "teamid": 10, "date": "2018-02-18T00:36:18.371706", "itemid": 9, "model": "hints"}, {"id": 87, "teamid": 5, "date": "2018-02-18T00:36:54.351816", "itemid": 20, "model": "hints"}, {"id": 88, "teamid": 37, "date": "2018-02-18T00:38:00.929828", "itemid": 17, "model": "hints"}, {"id": 89, "teamid": 14, "date": "2018-02-18T00:39:06.640641", "itemid": 17, "model": "hints"}, {"id": 90, "teamid": 25, "date": "2018-02-18T00:39:16.149942", "itemid": 8, "model": "hints"}, {"id": 91, "teamid": 44, "date": "2018-02-18T00:40:07.105757", "itemid": 13, "model": "hints"}, {"id": 92, "teamid": 39, "date": "2018-02-18T00:40:07.410184", "itemid": 18, "model": "hints"}, {"id": 93, "teamid": 41, "date": "2018-02-18T00:41:05.650157", "itemid": 9, "model": "hints"}, {"id": 94, "teamid": 26, "date": "2018-02-18T00:43:23.783160", "itemid": 20, "model": "hints"}, {"id": 95, "teamid": 24, "date": "2018-02-18T00:43:30.857405", "itemid": 21, "model": "hints"}, {"id": 96, "teamid": 26, "date": "2018-02-18T00:43:31.746927", "itemid": 21, "model": "hints"}, {"id": 97, "teamid": 8, "date": "2018-02-18T00:43:32.974860", "itemid": 21, "model": "hints"}, {"id": 98, "teamid": 41, "date": "2018-02-18T00:43:46.949479", "itemid": 15, "model": "hints"}, {"id": 99, "teamid": 24, "date": "2018-02-18T00:44:11.923351", "itemid": 6, "model": "hints"}, {"id": 100, "teamid": 10, "date": "2018-02-18T00:44:20.920931", "itemid": 18, "model": "hints"}, {"id": 101, "teamid": 24, "date": "2018-02-18T00:44:23.739595", "itemid": 7, "model": "hints"}, {"id": 102, "teamid": 41, "date": "2018-02-18T00:45:05.827113", "itemid": 17, "model": "hints"}, {"id": 103, "teamid": 6, "date": "2018-02-18T00:45:12.052259", "itemid": 22, "model": "hints"}, {"id": 104, "teamid": 5, "date": "2018-02-18T00:45:13.246019", "itemid": 22, "model": "hints"}, {"id": 105, "teamid": 24, "date": "2018-02-18T00:45:13.592200", "itemid": 22, "model": "hints"}, {"id": 106, "teamid": 26, "date": "2018-02-18T00:45:14.067946", "itemid": 22, "model": "hints"}, {"id": 107, "teamid": 12, "date": "2018-02-18T00:45:16.825972", "itemid": 22, "model": "hints"}, {"id": 108, "teamid": 25, "date": "2018-02-18T00:45:26.631469", "itemid": 22, "model": "hints"}, {"id": 109, "teamid": 8, "date": "2018-02-18T00:47:24.206239", "itemid": 9, "model": "hints"}, {"id": 110, "teamid": 31, "date": "2018-02-18T00:47:52.941457", "itemid": 6, "model": "hints"}, {"id": 111, "teamid": 33, "date": "2018-02-18T00:48:06.069385", "itemid": 22, "model": "hints"}, {"id": 112, "teamid": 14, "date": "2018-02-18T00:48:41.053707", "itemid": 21, "model": "hints"}, {"id": 113, "teamid": 27, "date": "2018-02-18T00:48:49.114528", "itemid": 9, "model": "hints"}, {"id": 114, "teamid": 40, "date": "2018-02-18T00:49:09.680482", "itemid": 22, "model": "hints"}, {"id": 115, "teamid": 37, "date": "2018-02-18T00:49:55.731526", "itemid": 20, "model": "hints"}, {"id": 116, "teamid": 37, "date": "2018-02-18T00:50:12.270686", "itemid": 21, "model": "hints"}, {"id": 117, "teamid": 44, "date": "2018-02-18T00:51:23.050183", "itemid": 7, "model": "hints"}, {"id": 118, "teamid": 39, "date": "2018-02-18T00:52:29.051395", "itemid": 15, "model": "hints"}, {"id": 119, "teamid": 33, "date": "2018-02-18T00:54:18.488543", "itemid": 17, "model": "hints"}, {"id": 120, "teamid": 35, "date": "2018-02-18T00:54:18.893907", "itemid": 22, "model": "hints"}, {"id": 121, "teamid": 31, "date": "2018-02-18T00:54:50.539916", "itemid": 15, "model": "hints"}, {"id": 122, "teamid": 25, "date": "2018-02-18T00:54:51.988909", "itemid": 21, "model": "hints"}, {"id": 123, "teamid": 8, "date": "2018-02-18T00:55:04.709428", "itemid": 14, "model": "hints"}, {"id": 124, "teamid": 33, "date": "2018-02-18T00:56:08.443460", "itemid": 13, "model": "hints"}, {"id": 125, "teamid": 5, "date": "2018-02-18T00:56:20.755698", "itemid": 23, "model": "hints"}, {"id": 126, "teamid": 33, "date": "2018-02-18T00:57:07.144233", "itemid": 23, "model": "hints"}, {"id": 127, "teamid": 17, "date": "2018-02-18T00:58:35.673008", "itemid": 17, "model": "hints"}, {"id": 128, "teamid": 40, "date": "2018-02-18T01:00:55.024261", "itemid": 18, "model": "hints"}, {"id": 129, "teamid": 40, "date": "2018-02-18T01:01:01.932818", "itemid": 23, "model": "hints"}, {"id": 130, "teamid": 39, "date": "2018-02-18T01:01:43.639298", "itemid": 17, "model": "hints"}, {"id": 131, "teamid": 25, "date": "2018-02-18T01:01:52.275156", "itemid": 16, "model": "hints"}, {"id": 132, "teamid": 25, "date": "2018-02-18T01:04:22.384152", "itemid": 23, "model": "hints"}, {"id": 133, "teamid": 32, "date": "2018-02-18T01:07:33.281271", "itemid": 15, "model": "hints"}, {"id": 134, "teamid": 29, "date": "2018-02-18T01:09:03.893960", "itemid": 15, "model": "hints"}, {"id": 135, "teamid": 25, "date": "2018-02-18T01:13:31.031608", "itemid": 20, "model": "hints"}, {"id": 136, "teamid": 52, "date": "2018-02-18T01:13:31.145231", "itemid": 11, "model": "hints"}, {"id": 137, "teamid": 52, "date": "2018-02-18T01:13:35.171432", "itemid": 21, "model": "hints"}, {"id": 138, "teamid": 29, "date": "2018-02-18T01:19:34.369170", "itemid": 18, "model": "hints"}, {"id": 139, "teamid": 29, "date": "2018-02-18T01:19:39.350013", "itemid": 23, "model": "hints"}, {"id": 140, "teamid": 1, "date": "2018-02-18T01:19:59.484823", "itemid": 22, "model": "hints"}, {"id": 141, "teamid": 30, "date": "2018-02-18T02:25:01.247963", "itemid": 23, "model": "hints"}, {"id": 142, "teamid": 30, "date": "2018-02-18T02:28:46.944565", "itemid": 12, "model": "hints"}, {"id": 143, "teamid": 30, "date": "2018-02-18T02:32:00.115359", "itemid": 15, "model": "hints"}, {"id": 144, "teamid": 10, "date": "2018-02-18T03:54:25.636489", "itemid": 13, "model": "hints"}, {"id": 145, "teamid": 24, "date": "2018-02-18T11:39:11.105759", "itemid": 10, "model": "hints"}, {"id": 146, "teamid": 24, "date": "2018-02-18T12:00:04.481245", "itemid": 8, "model": "hints"}, {"id": 147, "teamid": 24, "date": "2018-02-18T12:11:32.848501", "itemid": 13, "model": "hints"}, {"id": 148, "teamid": 24, "date": "2018-02-18T12:15:07.002880", "itemid": 23, "model": "hints"}, {"id": 149, "teamid": 12, "date": "2018-02-18T16:15:14.990046", "itemid": 14, "model": "hints"}], "meta": {}}